{
  "version": 1,
  "description": "x,y,w,h are fractions 0-1 of central widget size. z is stack order: lower = further back, higher = on top (ties: name order).",
  "elements": {
    "artwork": {
      "x": 0.32275,
      "y": 0.10416666666666667,
      "w": 0.343,
      "h": 0.5716666666666667,
      "z": 0
    },
    "prev": {
      "x": 0.33475,
      "y": 0.5733333333333334,
      "w": 0.07525,
      "h": 0.1025,
      "z": 40
    },
    "seek_back_30": {
      "x": 0.416,
      "y": 0.5733333333333334,
      "w": 0.07525,
      "h": 0.1025,
      "z": 40
    },
    "seek_fwd_30": {
      "x": 0.49725,
      "y": 0.5733333333333334,
      "w": 0.07525,
      "h": 0.1025,
      "z": 40
    },
    "next": {
      "x": 0.5785,
      "y": 0.5733333333333334,
      "w": 0.07525,
      "h": 0.1025,
      "z": 40
    },
    "volume_up": {
      "x": 0.132,
      "y": 0.10400000000000001,
      "w": 0.075,
      "h": 0.0975,
      "z": 20
    },
    "volume_down": {
      "x": 0.132,
      "y": 0.214,
      "w": 0.075,
      "h": 0.0975,
      "z": 20
    },
    "shuffle": {
      "x": 0.7815,
      "y": 0.10400000000000001,
      "w": 0.0865,
      "h": 0.0875,
      "z": 30
    },
    "repeat": {
      "x": 0.7815,
      "y": 0.20650000000000002,
      "w": 0.0865,
      "h": 0.0875,
      "z": 30
    },
    "playlist_0": {
      "x": 0.036,
      "y": 0.10900000000000001,
      "w": 0.081,
      "h": 0.12666666666666668,
      "z": 10
    },
    "playlist_1": {
      "x": 0.036,
      "y": 0.25566666666666665,
      "w": 0.081,
      "h": 0.12666666666666668,
      "z": 10
    },
    "playlist_2": {
      "x": 0.036,
      "y": 0.4023333333333333,
      "w": 0.081,
      "h": 0.12666666666666668,
      "z": 10
    },
    "playlist_3": {
      "x": 0.036,
      "y": 0.5489999999999999,
      "w": 0.081,
      "h": 0.12666666666666668,
      "z": 10
    },
    "playlist_4": {
      "x": 0.883,
      "y": 0.10900000000000001,
      "w": 0.081,
      "h": 0.12666666666666668,
      "z": 10
    },
    "playlist_5": {
      "x": 0.883,
      "y": 0.25566666666666665,
      "w": 0.081,
      "h": 0.12666666666666668,
      "z": 10
    },
    "playlist_6": {
      "x": 0.883,
      "y": 0.4023333333333333,
      "w": 0.081,
      "h": 0.12666666666666668,
      "z": 10
    },
    "playlist_7": {
      "x": 0.883,
      "y": 0.5489999999999999,
      "w": 0.081,
      "h": 0.12666666666666668,
      "z": 10
    },
    "title": {
      "x": 0.036,
      "y": 0.6936,
      "w": 0.928,
      "h": 0.03520000000000001,
      "z": 50
    },
    "artist": {
      "x": 0.036,
      "y": 0.7288,
      "w": 0.928,
      "h": 0.03168,
      "z": 50
    },
    "album": {
      "x": 0.036,
      "y": 0.76048,
      "w": 0.928,
      "h": 0.02816,
      "z": 50
    },
    "sub_label": {
      "x": 0.036,
      "y": 0.78864,
      "w": 0.928,
      "h": 0.02112,
      "z": 55
    },
    "progress": {
      "x": 0.036,
      "y": 0.8876666666666667,
      "w": 0.928,
      "h": 0.016666666666666666,
      "z": 60
    }
  }
}